precision,recall,f1-score,support
0.9187659213133315,0.9447031431897556,0.9315540249677141,3436.0
0.9430967355495657,0.9164726426076834,0.9295940959409594,3436.0
0.9305878928987195,0.9305878928987195,0.9305878928987195,0.9305878928987195
0.9309313284314487,0.9305878928987195,0.9305740604543368,6872.0
0.9309313284314487,0.9305878928987195,0.9305740604543368,6872.0
