precision,recall,f1-score,support
0.9203640500568828,0.9417927823050058,0.9309551208285386,3436.0
0.9404052443384983,0.9185098952270081,0.9293286219081273,3436.0
0.930151338766007,0.930151338766007,0.930151338766007,0.930151338766007
0.9303846471976905,0.930151338766007,0.9301418713683329,6872.0
0.9303846471976904,0.930151338766007,0.9301418713683329,6872.0
