precision,recall,f1-score,support
0.8950308732725669,0.8859138533178114,0.8904490273511773,3436.0
0.8870642466148084,0.8961001164144354,0.891559287679166,3436.0
0.8910069848661234,0.8910069848661234,0.8910069848661234,0.8910069848661234
0.8910475599436877,0.8910069848661234,0.8910041575151717,6872.0
0.8910475599436876,0.8910069848661234,0.8910041575151717,6872.0
