precision,recall,f1-score,support
0.9196707351688902,0.9429569266589057,0.9311682713033482,3436.0
0.9414750671842341,0.9176367869615832,0.9294030950626382,3436.0
0.9302968568102444,0.9302968568102444,0.9302968568102444,0.9302968568102444
0.9305729011765622,0.9302968568102445,0.9302856831829932,6872.0
0.9305729011765621,0.9302968568102444,0.9302856831829932,6872.0
