precision,recall,f1-score,support
0.9203312392918332,0.9380093131548312,0.9290861919861632,3436.0
0.9367952522255193,0.9188009313154831,0.927710843373494,3436.0
0.9284051222351571,0.9284051222351571,0.9284051222351571,0.9284051222351571
0.9285632457586763,0.9284051222351571,0.9283985176798286,6872.0
0.9285632457586763,0.9284051222351571,0.9283985176798285,6872.0
